"active_days","players_played_x","players_played_at_least_x","players_played_at_least_x%"
1,494,881,37.990513152220785
2,337,387,16.6882276843467
3,49,50,2.1561017680034498
4,1,1,0.043122035360069
